student_id,name,gender,branch,graduation_year,cgpa,tenth_percent,twelfth_percent,internships,projects,certifications,technical_skills,aptitude_score,communication_score,placed,company,role,package_lpa,placement_date,offer_type
S001,Aarav Sharma,Male,CSE,2021,8.9,91,88,2,4,3,Python|SQL|Power BI,86,82,1,TCS,Data Analyst,6.5,2021-08-12,Full Time
S002,Ananya Rao,Female,IT,2021,8.4,89,85,1,3,2,Python|Tableau|SQL,78,88,1,Infosys,Business Analyst,5.8,2021-08-19,Full Time
S003,Rohan Mehta,Male,ECE,2021,7.1,78,74,0,2,1,Excel|SQL,62,67,0,,,0.0,,Not Placed
S004,Priya Iyer,Female,CSE,2021,9.2,94,92,2,5,4,Python|ML|SQL,91,90,1,Deloitte,Data Consultant,9.0,2021-09-05,Full Time
S005,Karthik Nair,Male,EEE,2021,6.8,76,71,0,1,1,Excel|Power BI,58,61,0,,,0.0,,Not Placed
S006,Meera Kapoor,Female,IT,2021,8.1,87,82,1,3,2,SQL|Python|Excel,74,84,1,Wipro,Data Analyst,5.2,2021-09-18,Full Time
S007,Vikram Singh,Male,MECH,2021,7.5,80,78,1,2,1,Excel|SQL,69,70,1,Accenture,Associate Analyst,4.8,2021-10-03,Full Time
S008,Neha Verma,Female,CSE,2021,8.7,92,89,2,4,3,Python|Power BI|ML,88,86,1,Mu Sigma,Decision Scientist,8.2,2021-10-15,Full Time
S009,Aditya Menon,Male,ECE,2021,7.9,83,80,1,3,2,Python|SQL,76,73,1,Cognizant,Data Engineer,6.0,2021-11-01,Full Time
S010,Kavya Reddy,Female,CIVIL,2021,7.0,77,75,0,2,1,Excel|Tableau,60,75,0,,,0.0,,Not Placed
S011,Ishaan Gupta,Male,CSE,2022,8.6,90,86,2,4,3,Python|SQL|ML,84,80,1,Amazon,Data Associate,11.5,2022-07-22,Full Time
S012,Sanya Jain,Female,IT,2022,8.0,86,81,1,3,2,Power BI|SQL|Excel,77,85,1,TCS,BI Analyst,6.2,2022-08-01,Full Time
S013,Harsh Patel,Male,EEE,2022,6.9,75,73,0,1,1,Excel,55,58,0,,,0.0,,Not Placed
S014,Ritika Das,Female,ECE,2022,8.3,88,84,1,3,2,Python|SQL|Tableau,79,83,1,Deloitte,Analytics Associate,8.6,2022-08-17,Full Time
S015,Arjun Rao,Male,MECH,2022,7.4,82,77,1,2,1,Excel|Power BI,68,66,1,Accenture,Operations Analyst,5.0,2022-09-02,Full Time
S016,Diya Shah,Female,CSE,2022,9.4,95,93,3,5,4,Python|ML|SQL|Power BI,94,91,1,Microsoft,Data Analyst Intern,14.0,2022-09-10,Internship
S017,Nikhil Bose,Male,IT,2022,7.8,81,79,1,3,2,Python|SQL,72,76,1,Infosys,Systems Analyst,5.7,2022-09-28,Full Time
S018,Tanvi Kulkarni,Female,CIVIL,2022,7.2,79,76,0,2,1,Excel|SQL,63,74,0,,,0.0,,Not Placed
S019,Rahul Khanna,Male,CSE,2022,8.8,91,87,2,4,3,Python|SQL|Cloud,87,78,1,Capgemini,Data Engineer,7.2,2022-10-11,Full Time
S020,Aisha Khan,Female,ECE,2022,8.5,90,86,2,4,3,Python|Power BI|SQL,82,89,1,Wipro,Data Analyst,6.1,2022-10-26,Full Time
S021,Dev Mishra,Male,CSE,2023,8.2,87,84,1,3,2,Python|SQL|Tableau,80,76,1,TCS,Data Analyst,7.0,2023-07-18,Full Time
S022,Avni Singh,Female,IT,2023,8.9,92,90,2,5,3,Python|ML|Power BI,89,92,1,Deloitte,Data Consultant,10.0,2023-07-25,Full Time
S023,Manav Bhat,Male,EEE,2023,7.0,78,72,0,2,1,Excel|SQL,61,63,0,,,0.0,,Not Placed
S024,Ira Nambiar,Female,CSE,2023,9.1,94,91,3,5,4,Python|SQL|ML|Cloud,93,88,1,Amazon,Business Intelligence Engineer,16.0,2023-08-06,Full Time
S025,Samar Gill,Male,MECH,2023,7.6,82,78,1,3,1,Power BI|Excel,70,69,1,Accenture,Associate Analyst,5.4,2023-08-20,Full Time
S026,Mahika Sen,Female,ECE,2023,8.0,86,83,1,3,2,Python|SQL,75,82,1,Cognizant,Data Engineer,6.6,2023-09-03,Full Time
S027,Yash Agarwal,Male,IT,2023,8.4,89,85,2,4,3,SQL|Python|Power BI,83,79,1,Infosys,BI Developer,6.8,2023-09-16,Full Time
S028,Zoya Ali,Female,CIVIL,2023,7.3,80,76,0,2,1,Excel|Tableau,64,78,0,,,0.0,,Not Placed
S029,Om Prakash,Male,CSE,2023,8.7,90,88,2,4,3,Python|SQL|ML,86,81,1,Mu Sigma,Decision Scientist,9.2,2023-10-07,Full Time
S030,Kiara Fernandes,Female,IT,2023,8.1,87,82,1,3,2,SQL|Power BI|Excel,78,86,1,Wipro,Data Analyst,6.4,2023-10-18,Full Time
S031,Vihaan Desai,Male,CSE,2024,8.5,89,86,2,4,3,Python|SQL|Power BI,85,79,1,TCS,Data Analyst,7.4,2024-07-12,Full Time
S032,Shruti Pillai,Female,IT,2024,9.0,93,90,2,5,4,Python|ML|SQL,90,93,1,Microsoft,Data Analyst,15.5,2024-07-21,Full Time
S033,Pranav Joshi,Male,ECE,2024,7.7,83,79,1,3,2,Python|SQL,71,72,1,Cognizant,Data Engineer,6.8,2024-08-04,Full Time
S034,Esha Roy,Female,CSE,2024,9.3,95,92,3,5,4,Python|SQL|ML|Cloud,95,90,1,Amazon,BI Engineer,18.0,2024-08-15,Full Time
S035,Aryan Sood,Male,EEE,2024,6.7,74,70,0,1,0,Excel,52,56,0,,,0.0,,Not Placed
S036,Naina Bedi,Female,MECH,2024,7.5,81,77,1,2,1,Excel|Power BI,69,75,1,Accenture,Operations Analyst,5.6,2024-08-29,Full Time
S037,Reyansh Malhotra,Male,IT,2024,8.2,88,84,1,4,2,SQL|Python|Tableau,79,77,1,Infosys,Systems Analyst,6.3,2024-09-08,Full Time
S038,Misha Chawla,Female,ECE,2024,8.6,91,87,2,4,3,Python|Power BI|SQL,84,88,1,Deloitte,Analytics Consultant,10.8,2024-09-20,Full Time
S039,Lakshya Jain,Male,CIVIL,2024,7.1,78,74,0,2,1,Excel|SQL,60,68,0,,,0.0,,Not Placed
S040,Rhea Thomas,Female,CSE,2024,8.8,92,89,2,5,3,Python|SQL|ML,88,87,1,Capgemini,Data Engineer,8.0,2024-10-02,Full Time
S041,Aman Saxena,Male,CSE,2025,8.3,88,85,1,4,2,Python|SQL|Power BI,82,78,1,TCS,Data Analyst,7.8,2025-07-09,Full Time
S042,Pooja Menon,Female,IT,2025,8.7,91,88,2,4,3,Python|SQL|Tableau,86,90,1,Deloitte,Data Consultant,11.2,2025-07-18,Full Time
S043,Sameer Rathi,Male,EEE,2025,6.6,73,69,0,1,0,Excel,50,54,0,,,0.0,,Not Placed
S044,Myra Kapoor,Female,CSE,2025,9.5,96,94,3,6,5,Python|ML|SQL|Cloud,96,92,1,Amazon,BI Engineer,20.0,2025-08-01,Full Time
S045,Kunal Arora,Male,ECE,2025,7.9,84,80,1,3,2,Python|SQL,74,73,1,Cognizant,Data Engineer,7.0,2025-08-13,Full Time
S046,Anika Bose,Female,MECH,2025,7.6,82,79,1,3,1,Excel|Power BI,71,77,1,Accenture,Associate Analyst,5.9,2025-08-26,Full Time
S047,Rudra Shah,Male,IT,2025,8.4,89,86,2,4,3,Python|Power BI|SQL,83,80,1,Infosys,BI Developer,7.1,2025-09-05,Full Time
S048,Siya Nair,Female,CIVIL,2025,7.2,79,75,0,2,1,Excel|Tableau,62,76,0,,,0.0,,Not Placed
S049,Parth Vyas,Male,CSE,2025,8.9,93,90,2,5,4,Python|SQL|ML,90,84,1,Microsoft,Data Analyst,16.5,2025-09-19,Full Time
S050,Tara George,Female,ECE,2025,8.5,90,87,2,4,3,Python|SQL|Power BI,84,89,1,Wipro,Data Analyst,7.3,2025-10-03,Full Time
